site_name,keyword,search_volume,competition,competition_index,cpc,market,batch_id,source,category,intent,recommended_asset,priority,priority_score
百家姓,chinese surnames,22200,LOW,0,0.03,us-en,existing-export,existing-export,general,mixed,pillar page,P1,181
百家姓,chinese last name,22200,LOW,0,0.03,us-en,existing-export,existing-export,general,mixed,pillar page,P1,181
百家姓,family name in chinese,22200,LOW,0,0.03,us-en,existing-export,existing-export,general,mixed,pillar page,P1,181
百家姓,chinese family names,22200,LOW,0,0.03,us-en,core,primary,general,mixed,pillar page,P1,181
百家姓,most common chinese surnames,3600,LOW,0,0.02,us-en,existing-export,existing-export,reference-list,informational,directory page / data table,P1,181
百家姓,common chinese last names,3600,LOW,0,0.02,us-en,core,primary,reference-list,informational,directory page / data table,P1,181
百家姓,chinese surname meaning,1600,LOW,1,0.02,us-en,existing-export,existing-export,meaning-origin,informational,single surname article / cluster page,P1,162
百家姓,meaning of chinese surnames,1600,LOW,1,0.02,us-en,existing-export,existing-export,meaning-origin,informational,single surname article / cluster page,P1,162
百家姓,chinese family names and meanings,1600,LOW,1,0.02,us-en,existing-export,existing-export,meaning-origin,informational,single surname article / cluster page,P1,162
百家姓,chinese last names and meanings,1600,LOW,1,0.02,us-en,existing-export,existing-export,meaning-origin,informational,single surname article / cluster page,P1,162
百家姓,chinese surnames and meanings,1600,LOW,1,0.02,us-en,existing-export,existing-export,meaning-origin,informational,single surname article / cluster page,P1,162
百家姓,lam surname origin,1000,LOW,0,0,us-en,surname-origin-6,primary,meaning-origin,informational,single surname article / cluster page,P1,154
百家姓,liu surname meaning,880,LOW,0,0,us-en,top-surnames-meaning,primary,meaning-origin,informational,single surname article / cluster page,P1,151
百家姓,chen surname meaning,880,LOW,0,0,us-en,top-surnames-meaning,primary,meaning-origin,informational,single surname article / cluster page,P1,151
百家姓,wong surname meaning,880,LOW,0,0,us-en,surname-meaning-6,primary,meaning-origin,informational,single surname article / cluster page,P1,151
百家姓,lee surname meaning,880,LOW,0,0,us-en,surname-meaning-6,primary,meaning-origin,informational,single surname article / cluster page,P1,151
百家姓,origin of the surname lee,880,LOW,0,0,us-en,surname-meaning-6,primary,meaning-origin,informational,single surname article / cluster page,P1,151
百家姓,wong surname origin,880,LOW,0,0,us-en,surname-origin-6,primary,meaning-origin,informational,single surname article / cluster page,P1,151
百家姓,lee surname origin,880,LOW,0,0,us-en,surname-origin-6,primary,meaning-origin,informational,single surname article / cluster page,P1,151
百家姓,lee surname history,880,LOW,0,0,us-en,surname-origin-6,primary,meaning-origin,informational,single surname article / cluster page,P1,151
百家姓,li surname origin,720,LOW,0,0,us-en,top-surnames-origin,primary,meaning-origin,informational,published article 2026-07-01,P1,148
百家姓,wang surname origin,720,LOW,0,0,us-en,top-surnames-origin,primary,meaning-origin,informational,published article 2026-07-01,P1,148
百家姓,origin of the surname long,720,LOW,1,0,us-en,surname-meaning-4,primary,meaning-origin,informational,single surname article / cluster page,P1,148
百家姓,long surname origin,720,LOW,1,0,us-en,surname-origin-4,primary,meaning-origin,informational,single surname article / cluster page,P1,148
百家姓,kang surname origin,720,LOW,0,0,us-en,surname-origin-5,primary,meaning-origin,informational,single surname article / cluster page,P1,148
百家姓,ng surname origin,590,LOW,0,0,us-en,surname-origin-6,primary,meaning-origin,informational,single surname article / cluster page,P1,144
百家姓,rare chinese surnames,480,LOW,0,0,us-en,existing-export,existing-export,reference-list,informational,directory page / data table,P1,143
百家姓,wu surname meaning,480,LOW,0,0,us-en,top-surnames-meaning,primary,meaning-origin,informational,single surname article / cluster page,P1,141
百家姓,chan surname meaning,480,LOW,0,0,us-en,surname-meaning-6,primary,meaning-origin,informational,single surname article / cluster page,P1,141
百家姓,tang surname origin,480,LOW,0,0,us-en,surname-origin-2,primary,meaning-origin,informational,single surname article / cluster page,P1,141
百家姓,chinese last name list,390,LOW,0,0,us-en,existing-export,existing-export,reference-list,informational,directory page / data table,P1,139
百家姓,chinese surname list,390,LOW,0,0,us-en,existing-export,existing-export,reference-list,informational,directory page / data table,P1,139
百家姓,liu surname origin,390,LOW,0,0,us-en,top-surnames-origin,primary,meaning-origin,informational,single surname article / cluster page,P1,137
百家姓,ma surname origin,260,LOW,0,0,us-en,surname-origin-1,primary,meaning-origin,informational,single surname article / cluster page,P1,130
百家姓,uncommon chinese surnames,210,LOW,0,0,us-en,existing-export,existing-export,reference-list,informational,directory page / data table,P1,128
百家姓,chen surname origin,210,LOW,0,0,us-en,top-surnames-origin,primary,meaning-origin,informational,single surname article / cluster page,P1,126
百家姓,liang surname meaning,210,LOW,0,0,us-en,surname-meaning-2,primary,meaning-origin,informational,single surname article / cluster page,P1,126
百家姓,liang surname origin,210,LOW,0,0,us-en,surname-origin-2,primary,meaning-origin,informational,single surname article / cluster page,P1,126
百家姓,tan surname origin,210,LOW,0,0,us-en,surname-origin-4,primary,meaning-origin,informational,single surname article / cluster page,P1,126
百家姓,lin surname origin,110,LOW,0,0,us-en,top-surnames-origin,primary,meaning-origin,informational,single surname article / cluster page,P1,115
百家姓,lin surname meaning,110,LOW,0,0,us-en,surname-meaning-2,primary,meaning-origin,informational,single surname article / cluster page,P1,115
百家姓,chinese surname history,90,LOW,0,0,us-en,existing-export,existing-export,meaning-origin,informational,single surname article / cluster page,P1,111
百家姓,chinese surname origin,90,LOW,0,0,us-en,existing-export,existing-export,meaning-origin,informational,single surname article / cluster page,P1,111
百家姓,yang surname origin,90,LOW,0,0,us-en,top-surnames-origin,primary,meaning-origin,informational,single surname article / cluster page,P1,111
百家姓,ancient chinese surnames,210,LOW,0,0,us-en,existing-export,existing-export,general,mixed,pillar page,P1,108
百家姓,royal chinese surnames,210,LOW,0,0,us-en,existing-export,existing-export,general,mixed,pillar page,P1,108
百家姓,unique chinese last names,210,LOW,0,0,us-en,existing-export,existing-export,general,mixed,pillar page,P1,108
百家姓,li chinese surname,210,LOW,0,0,us-en,surname-general-1,primary,general,mixed,pillar page,P1,108
百家姓,ching last name origin,70,LOW,0,0,us-en,existing-export,existing-export,meaning-origin,informational,single surname article / cluster page,P1,107
百家姓,yang surname meaning,70,LOW,0,0,us-en,top-surnames-meaning,primary,meaning-origin,informational,single surname article / cluster page,P1,107
百家姓,zhang surname origin,70,LOW,0,0,us-en,top-surnames-origin,primary,meaning-origin,informational,single surname article / cluster page,P1,107
百家姓,huang surname origin,70,LOW,0,0,us-en,top-surnames-origin,primary,meaning-origin,informational,single surname article / cluster page,P1,107
百家姓,song surname origin,70,LOW,0,0,us-en,surname-origin-2,primary,meaning-origin,informational,single surname article / cluster page,P1,107
百家姓,chang surname origin,70,LOW,0,0,us-en,surname-origin-5,primary,meaning-origin,informational,single surname article / cluster page,P1,107
百家姓,wu surname origin,50,LOW,0,0,us-en,top-surnames-origin,primary,meaning-origin,informational,single surname article / cluster page,P1,102
百家姓,chan surname origin,50,LOW,0,0,us-en,surname-meaning-6,primary,meaning-origin,informational,single surname article / cluster page,P1,102
百家姓,han surname origin,50,LOW,0,0,us-en,surname-origin-2,primary,meaning-origin,informational,single surname article / cluster page,P1,102
百家姓,yu surname origin,50,LOW,0,0,us-en,surname-origin-2,primary,meaning-origin,informational,single surname article / cluster page,P1,102
百家姓,leung surname origin,50,LOW,0,0,us-en,surname-origin-6,primary,meaning-origin,informational,single surname article / cluster page,P1,102
百家姓,traditional chinese surnames,110,LOW,0,0,us-en,lookup-history,primary,general,mixed,pillar page,P1,99
百家姓,li surname meaning,40,LOW,0,0,us-en,top-surnames-meaning,primary,meaning-origin,informational,single surname article / cluster page,P1,99
百家姓,guo surname origin,40,LOW,0,0,us-en,top-surnames-origin,primary,meaning-origin,informational,single surname article / cluster page,P1,99
百家姓,sun surname origin,40,LOW,0,0,us-en,surname-origin-1,primary,meaning-origin,informational,single surname article / cluster page,P1,99
百家姓,lu surname origin,40,LOW,0,0,us-en,surname-origin-3,primary,meaning-origin,informational,single surname article / cluster page,P1,99
百家姓,wang surname meaning,30,LOW,0,0,us-en,top-surnames-meaning,primary,meaning-origin,informational,single surname article / cluster page,P1,94
百家姓,zhang surname meaning,30,LOW,0,0,us-en,top-surnames-meaning,primary,meaning-origin,informational,single surname article / cluster page,P1,94
百家姓,zhao surname meaning,30,LOW,0,0,us-en,top-surnames-meaning,primary,meaning-origin,informational,single surname article / cluster page,P1,94
百家姓,gao surname origin,30,LOW,0,0,us-en,top-surnames-origin,primary,meaning-origin,informational,single surname article / cluster page,P1,94
百家姓,hu surname origin,30,LOW,0,0,us-en,surname-origin-1,primary,meaning-origin,informational,single surname article / cluster page,P1,94
百家姓,cao surname origin,30,LOW,0,0,us-en,surname-origin-3,primary,meaning-origin,informational,single surname article / cluster page,P1,94
百家姓,yuan surname origin,30,LOW,0,0,us-en,surname-origin-3,primary,meaning-origin,informational,single surname article / cluster page,P1,94
百家姓,jiang surname origin,30,LOW,0,0,us-en,surname-origin-3,primary,meaning-origin,informational,single surname article / cluster page,P1,94
百家姓,pan surname origin,30,LOW,0,0,us-en,surname-origin-3,primary,meaning-origin,informational,single surname article / cluster page,P1,94
百家姓,kong surname origin,30,LOW,0,0,us-en,surname-origin-5,primary,meaning-origin,informational,single surname article / cluster page,P1,94
百家姓,zhang chinese surname,70,LOW,0,0,us-en,surname-general-1,primary,general,mixed,pillar page,P1,92
百家姓,lu chinese surname,70,LOW,0,0,us-en,surname-general-3,primary,general,mixed,pillar page,P1,92
百家姓,chinese surname characters,20,LOW,0,0,us-en,lookup-history,primary,reference-list,informational,directory page / data table,P1,91
百家姓,chinese surname and meaning,20,LOW,1,0.02,us-en,existing-export,existing-export,meaning-origin,informational,single surname article / cluster page,P1,89
百家姓,huang surname meaning,20,LOW,0,0,us-en,top-surnames-meaning,primary,meaning-origin,informational,single surname article / cluster page,P1,89
百家姓,zhou surname meaning,20,LOW,0,0,us-en,top-surnames-meaning,primary,meaning-origin,informational,single surname article / cluster page,P1,89
百家姓,xu surname meaning,20,LOW,0,0,us-en,top-surnames-meaning,primary,meaning-origin,informational,single surname article / cluster page,P1,89
百家姓,zhao surname origin,20,LOW,0,0,us-en,top-surnames-origin,primary,meaning-origin,informational,single surname article / cluster page,P1,89
百家姓,zhou surname origin,20,LOW,0,0,us-en,top-surnames-origin,primary,meaning-origin,informational,single surname article / cluster page,P1,89
百家姓,he surname origin,20,LOW,0,0,us-en,top-surnames-origin,primary,meaning-origin,informational,single surname article / cluster page,P1,89
百家姓,luo surname origin,20,LOW,0,0,us-en,top-surnames-origin,primary,meaning-origin,informational,single surname article / cluster page,P1,89
百家姓,luo surname meaning,20,LOW,0,0,us-en,surname-meaning-2,primary,meaning-origin,informational,single surname article / cluster page,P1,89
百家姓,song surname meaning,20,LOW,0,0,us-en,surname-meaning-2,primary,meaning-origin,informational,single surname article / cluster page,P1,89
百家姓,han surname meaning,20,LOW,0,0,us-en,surname-meaning-2,primary,meaning-origin,informational,single surname article / cluster page,P1,89
百家姓,feng surname meaning,20,LOW,0,0,us-en,surname-meaning-2,primary,meaning-origin,informational,single surname article / cluster page,P1,89
百家姓,yu surname meaning,20,LOW,0,0,us-en,surname-meaning-2,primary,meaning-origin,informational,single surname article / cluster page,P1,89
百家姓,xiao surname meaning,20,LOW,0,0,us-en,surname-meaning-2,primary,meaning-origin,informational,single surname article / cluster page,P1,89
百家姓,jiang surname meaning,20,LOW,0,0,us-en,surname-meaning-3,primary,meaning-origin,informational,single surname article / cluster page,P1,89
百家姓,kang surname meaning,20,LOW,0,0,us-en,surname-meaning-5,primary,meaning-origin,informational,single surname article / cluster page,P1,89
百家姓,chang surname meaning,20,LOW,0,0,us-en,surname-meaning-5,primary,meaning-origin,informational,single surname article / cluster page,P1,89
百家姓,xu surname origin,20,LOW,0,0,us-en,surname-origin-1,primary,meaning-origin,informational,single surname article / cluster page,P1,89
百家姓,zhu surname origin,20,LOW,0,0,us-en,surname-origin-1,primary,meaning-origin,informational,single surname article / cluster page,P1,89
百家姓,zheng surname origin,20,LOW,0,0,us-en,surname-origin-2,primary,meaning-origin,informational,single surname article / cluster page,P1,89
百家姓,feng surname origin,20,LOW,0,0,us-en,surname-origin-2,primary,meaning-origin,informational,single surname article / cluster page,P1,89
百家姓,dong surname origin,20,LOW,0,0,us-en,surname-origin-2,primary,meaning-origin,informational,single surname article / cluster page,P1,89
百家姓,cheng surname origin,20,LOW,0,0,us-en,surname-origin-3,primary,meaning-origin,informational,single surname article / cluster page,P1,89
百家姓,deng surname origin,20,LOW,0,0,us-en,surname-origin-3,primary,meaning-origin,informational,single surname article / cluster page,P1,89
百家姓,du surname origin,20,LOW,0,0,us-en,surname-origin-3,primary,meaning-origin,informational,single surname article / cluster page,P1,89
百家姓,wei surname origin,20,LOW,0,0,us-en,surname-origin-3,primary,meaning-origin,informational,single surname article / cluster page,P1,89
百家姓,ding surname origin,20,LOW,0,0,us-en,surname-origin-3,primary,meaning-origin,informational,single surname article / cluster page,P1,89
百家姓,su surname origin,20,LOW,0,0,us-en,surname-origin-4,primary,meaning-origin,informational,single surname article / cluster page,P1,89
百家姓,yan surname origin,20,LOW,0,0,us-en,surname-origin-4,primary,meaning-origin,informational,single surname article / cluster page,P1,89
百家姓,jin surname origin,20,LOW,0,0,us-en,surname-origin-4,primary,meaning-origin,informational,single surname article / cluster page,P1,89
百家姓,bai surname origin,20,LOW,0,0,us-en,surname-origin-5,primary,meaning-origin,informational,single surname article / cluster page,P1,89
百家姓,min surname origin,20,LOW,0,0,us-en,surname-origin-5,primary,meaning-origin,informational,single surname article / cluster page,P1,89
百家姓,cheung surname origin,20,LOW,0,0,us-en,surname-origin-6,primary,meaning-origin,informational,single surname article / cluster page,P1,89
百家姓,kwok surname origin,20,LOW,0,0,us-en,surname-origin-6,primary,meaning-origin,informational,single surname article / cluster page,P1,89
百家姓,leong surname origin,20,LOW,0,0,us-en,surname-origin-6,primary,meaning-origin,informational,single surname article / cluster page,P1,89
百家姓,100 chinese surnames,50,LOW,0,0,us-en,core,primary,general,mixed,pillar page,P1,88
百家姓,all chinese surnames,40,LOW,0,0,us-en,existing-export,existing-export,general,mixed,pillar page,P1,85
百家姓,two character chinese surnames,20,LOW,0,0,us-en,lookup-history,primary,reference-list,mixed,directory page / data table,P1,84
百家姓,chinese surname pronunciation,10,LOW,0,0,us-en,lookup-history,primary,reference-list,informational,directory page / data table,P1,83
百家姓,sun surname meaning,10,LOW,0,0,us-en,top-surnames-meaning,primary,meaning-origin,informational,single surname article / cluster page,P1,82
百家姓,ma surname meaning,10,LOW,0,0,us-en,top-surnames-meaning,primary,meaning-origin,informational,single surname article / cluster page,P1,82
百家姓,zhu surname meaning,10,LOW,0,0,us-en,top-surnames-meaning,primary,meaning-origin,informational,single surname article / cluster page,P1,82
百家姓,hu surname meaning,10,LOW,0,0,us-en,top-surnames-meaning,primary,meaning-origin,informational,single surname article / cluster page,P1,82
百家姓,guo surname meaning,10,LOW,0,0,us-en,surname-meaning-2,primary,meaning-origin,informational,single surname article / cluster page,P1,82
百家姓,he surname meaning,10,LOW,0,0,us-en,surname-meaning-2,primary,meaning-origin,informational,single surname article / cluster page,P1,82
百家姓,gao surname meaning,10,LOW,0,0,us-en,surname-meaning-2,primary,meaning-origin,informational,single surname article / cluster page,P1,82
百家姓,zheng surname meaning,10,LOW,0,0,us-en,surname-meaning-2,primary,meaning-origin,informational,single surname article / cluster page,P1,82
百家姓,xie surname meaning,10,LOW,0,0,us-en,surname-meaning-2,primary,meaning-origin,informational,single surname article / cluster page,P1,82
百家姓,tang surname meaning,10,LOW,0,0,us-en,surname-meaning-2,primary,meaning-origin,informational,single surname article / cluster page,P1,82
百家姓,cheng surname meaning,10,LOW,0,0,us-en,surname-meaning-3,primary,meaning-origin,informational,single surname article / cluster page,P1,82
百家姓,cao surname meaning,10,LOW,0,0,us-en,surname-meaning-3,primary,meaning-origin,informational,single surname article / cluster page,P1,82
百家姓,yuan surname meaning,10,LOW,0,0,us-en,surname-meaning-3,primary,meaning-origin,informational,single surname article / cluster page,P1,82
百家姓,cai surname meaning,10,LOW,0,0,us-en,surname-meaning-3,primary,meaning-origin,informational,single surname article / cluster page,P1,82
百家姓,pan surname meaning,10,LOW,0,0,us-en,surname-meaning-3,primary,meaning-origin,informational,single surname article / cluster page,P1,82
百家姓,wei surname meaning,10,LOW,0,0,us-en,surname-meaning-3,primary,meaning-origin,informational,single surname article / cluster page,P1,82
百家姓,lu surname meaning,10,LOW,0,0,us-en,surname-meaning-3,primary,meaning-origin,informational,single surname article / cluster page,P1,82
百家姓,fan surname meaning,10,LOW,0,0,us-en,surname-meaning-3,primary,meaning-origin,informational,single surname article / cluster page,P1,82
百家姓,cai surname origin,10,LOW,0,0,us-en,surname-meaning-3,primary,meaning-origin,informational,single surname article / cluster page,P1,82
百家姓,su surname meaning,10,LOW,0,0,us-en,surname-meaning-4,primary,meaning-origin,informational,single surname article / cluster page,P1,82
百家姓,yan surname meaning,10,LOW,0,0,us-en,surname-meaning-4,primary,meaning-origin,informational,single surname article / cluster page,P1,82
百家姓,shi surname meaning,10,LOW,0,0,us-en,surname-meaning-4,primary,meaning-origin,informational,single surname article / cluster page,P1,82
百家姓,tan surname meaning,10,LOW,0,0,us-en,surname-meaning-4,primary,meaning-origin,informational,single surname article / cluster page,P1,82
百家姓,jin surname meaning,10,LOW,0,0,us-en,surname-meaning-4,primary,meaning-origin,informational,single surname article / cluster page,P1,82
百家姓,qian surname meaning,10,LOW,0,0,us-en,surname-meaning-4,primary,meaning-origin,informational,single surname article / cluster page,P1,82
百家姓,long surname meaning,10,LOW,0,0,us-en,surname-meaning-4,primary,meaning-origin,informational,single surname article / cluster page,P1,82
百家姓,tian surname meaning,10,LOW,0,0,us-en,surname-meaning-4,primary,meaning-origin,informational,single surname article / cluster page,P1,82
百家姓,qin surname meaning,10,LOW,0,0,us-en,surname-meaning-5,primary,meaning-origin,informational,single surname article / cluster page,P1,82
百家姓,bai surname meaning,10,LOW,0,0,us-en,surname-meaning-5,primary,meaning-origin,informational,single surname article / cluster page,P1,82
百家姓,gu surname meaning,10,LOW,0,0,us-en,surname-meaning-5,primary,meaning-origin,informational,single surname article / cluster page,P1,82
百家姓,min surname meaning,10,LOW,0,0,us-en,surname-meaning-5,primary,meaning-origin,informational,single surname article / cluster page,P1,82
百家姓,yao surname meaning,10,LOW,0,0,us-en,surname-meaning-5,primary,meaning-origin,informational,single surname article / cluster page,P1,82
百家姓,lam surname meaning,10,LOW,0,0,us-en,surname-meaning-6,primary,meaning-origin,informational,single surname article / cluster page,P1,82
百家姓,ng surname meaning,10,LOW,0,0,us-en,surname-meaning-6,primary,meaning-origin,informational,single surname article / cluster page,P1,82
百家姓,leung surname meaning,10,LOW,0,0,us-en,surname-meaning-6,primary,meaning-origin,informational,single surname article / cluster page,P1,82
百家姓,xie surname origin,10,LOW,0,0,us-en,surname-origin-2,primary,meaning-origin,informational,single surname article / cluster page,P1,82
百家姓,xiao surname origin,10,LOW,0,0,us-en,surname-origin-2,primary,meaning-origin,informational,single surname article / cluster page,P1,82
百家姓,peng surname origin,10,LOW,0,0,us-en,surname-origin-3,primary,meaning-origin,informational,single surname article / cluster page,P1,82
百家姓,fan surname origin,10,LOW,0,0,us-en,surname-origin-3,primary,meaning-origin,informational,single surname article / cluster page,P1,82
百家姓,ye surname origin,10,LOW,0,0,us-en,surname-origin-3,primary,meaning-origin,informational,single surname article / cluster page,P1,82
百家姓,fu surname origin,10,LOW,0,0,us-en,surname-origin-4,primary,meaning-origin,informational,single surname article / cluster page,P1,82
百家姓,shi surname origin,10,LOW,0,0,us-en,surname-origin-4,primary,meaning-origin,informational,single surname article / cluster page,P1,82
百家姓,cui surname origin,10,LOW,0,0,us-en,surname-origin-4,primary,meaning-origin,informational,single surname article / cluster page,P1,82
百家姓,liao surname origin,10,LOW,0,0,us-en,surname-origin-4,primary,meaning-origin,informational,single surname article / cluster page,P1,82
百家姓,xiong surname origin,10,LOW,0,0,us-en,surname-origin-4,primary,meaning-origin,informational,single surname article / cluster page,P1,82
百家姓,hou surname origin,10,LOW,0,0,us-en,surname-origin-4,primary,meaning-origin,informational,single surname article / cluster page,P1,82
百家姓,wan surname origin,10,LOW,0,0,us-en,surname-origin-4,primary,meaning-origin,informational,single surname article / cluster page,P1,82
百家姓,tian surname origin,10,LOW,0,0,us-en,surname-origin-4,primary,meaning-origin,informational,single surname article / cluster page,P1,82
百家姓,gong surname origin,10,LOW,0,0,us-en,surname-origin-4,primary,meaning-origin,informational,single surname article / cluster page,P1,82
百家姓,mao surname origin,10,LOW,0,0,us-en,surname-origin-5,primary,meaning-origin,informational,single surname article / cluster page,P1,82
百家姓,qiu surname origin,10,LOW,0,0,us-en,surname-origin-5,primary,meaning-origin,informational,single surname article / cluster page,P1,82
百家姓,meng surname origin,10,LOW,0,0,us-en,surname-origin-5,primary,meaning-origin,informational,single surname article / cluster page,P1,82
百家姓,gu surname origin,10,LOW,0,0,us-en,surname-origin-5,primary,meaning-origin,informational,single surname article / cluster page,P1,82
百家姓,lei surname origin,10,LOW,0,0,us-en,surname-origin-5,primary,meaning-origin,informational,single surname article / cluster page,P1,82
百家姓,mo surname origin,10,LOW,0,0,us-en,surname-origin-5,primary,meaning-origin,informational,single surname article / cluster page,P1,82
百家姓,yao surname origin,10,LOW,0,0,us-en,surname-origin-5,primary,meaning-origin,informational,single surname article / cluster page,P1,82
百家姓,ouyang surname origin,10,LOW,0,0,us-en,surname-origin-6,primary,meaning-origin,informational,single surname article / cluster page,P1,82
百家姓,sima surname origin,10,LOW,0,0,us-en,surname-origin-6,primary,meaning-origin,informational,single surname article / cluster page,P1,82
百家姓,situ surname origin,10,LOW,0,0,us-en,surname-origin-6,primary,meaning-origin,informational,single surname article / cluster page,P1,82
百家姓,zeng surname origin,10,LOW,0,0,us-en,surname-origin-6,primary,meaning-origin,informational,single surname article / cluster page,P1,82
百家姓,fung surname origin,10,LOW,0,0,us-en,surname-origin-6,primary,meaning-origin,informational,single surname article / cluster page,P1,82
百家姓,liu chinese surname,30,LOW,0,0,us-en,surname-general-1,primary,general,mixed,pillar page,P1,81
百家姓,chen chinese surname,30,LOW,0,0,us-en,surname-general-1,primary,general,mixed,pillar page,P1,81
百家姓,yang chinese surname,30,LOW,0,0,us-en,surname-general-1,primary,general,mixed,pillar page,P1,81
百家姓,ma chinese surname,30,LOW,0,0,us-en,surname-general-1,primary,general,mixed,pillar page,P1,81
百家姓,lin chinese surname,30,LOW,0,0,us-en,surname-general-2,primary,general,mixed,pillar page,P1,81
百家姓,wei chinese surname,30,LOW,0,0,us-en,surname-general-3,primary,general,mixed,pillar page,P1,81
百家姓,tan chinese surname,30,LOW,0,0,us-en,surname-general-4,primary,general,mixed,pillar page,P1,81
百家姓,long chinese surname,30,LOW,0,0,us-en,surname-general-4,primary,general,mixed,pillar page,P1,81
百家姓,beautiful chinese surnames,20,LOW,0,0,us-en,existing-export,existing-export,general,mixed,pillar page,P1,77
百家姓,han chinese surnames,20,LOW,0,0,us-en,lookup-history,primary,general,mixed,pillar page,P1,77
百家姓,wang chinese surname,20,LOW,0,0,us-en,surname-general-1,primary,general,mixed,pillar page,P1,77
百家姓,huang chinese surname,20,LOW,0,0,us-en,surname-general-1,primary,general,mixed,pillar page,P1,77
百家姓,wu chinese surname,20,LOW,0,0,us-en,surname-general-1,primary,general,mixed,pillar page,P1,77
百家姓,xu chinese surname,20,LOW,0,0,us-en,surname-general-1,primary,general,mixed,pillar page,P1,77
百家姓,sun chinese surname,20,LOW,0,0,us-en,surname-general-1,primary,general,mixed,pillar page,P1,77
百家姓,he chinese surname,20,LOW,0,0,us-en,surname-general-2,primary,general,mixed,pillar page,P1,77
百家姓,gao chinese surname,20,LOW,0,0,us-en,surname-general-2,primary,general,mixed,pillar page,P1,77
百家姓,luo chinese surname,20,LOW,0,0,us-en,surname-general-2,primary,general,mixed,pillar page,P1,77
百家姓,zheng chinese surname,20,LOW,0,0,us-en,surname-general-2,primary,general,mixed,pillar page,P1,77
百家姓,yu chinese surname,20,LOW,0,0,us-en,surname-general-2,primary,general,mixed,pillar page,P1,77
百家姓,100 family surnames,10,LOW,0,0,us-en,core,primary,reference-list,mixed,directory page / data table,P1,77
百家姓,ancestry chinese surname,10,,0,0,us-en,existing-export,existing-export,general,mixed,pillar page,P2,70
百家姓,mok chinese surname,10,LOW,0,0,us-en,existing-export,existing-export,general,mixed,pillar page,P2,70
百家姓,tee chinese surname,10,LOW,0,0,us-en,existing-export,existing-export,general,mixed,pillar page,P2,70
百家姓,why do chinese surnames come first,10,LOW,0,0,us-en,lookup-history,primary,general,mixed,pillar page,P2,70
百家姓,zhao chinese surname,10,LOW,0,0,us-en,surname-general-1,primary,general,mixed,pillar page,P2,70
百家姓,zhou chinese surname,10,LOW,0,0,us-en,surname-general-1,primary,general,mixed,pillar page,P2,70
百家姓,zhu chinese surname,10,LOW,0,0,us-en,surname-general-1,primary,general,mixed,pillar page,P2,70
百家姓,hu chinese surname,10,LOW,0,0,us-en,surname-general-1,primary,general,mixed,pillar page,P2,70
百家姓,guo chinese surname,10,LOW,0,0,us-en,surname-general-2,primary,general,mixed,pillar page,P2,70
百家姓,liang chinese surname,10,LOW,0,0,us-en,surname-general-2,primary,general,mixed,pillar page,P2,70
百家姓,xie chinese surname,10,LOW,0,0,us-en,surname-general-2,primary,general,mixed,pillar page,P2,70
百家姓,song chinese surname,10,LOW,0,0,us-en,surname-general-2,primary,general,mixed,pillar page,P2,70
百家姓,tang chinese surname,10,LOW,0,0,us-en,surname-general-2,primary,general,mixed,pillar page,P2,70
百家姓,han chinese surname,10,LOW,0,0,us-en,surname-general-2,primary,general,mixed,pillar page,P2,70
百家姓,feng chinese surname,10,LOW,0,0,us-en,surname-general-2,primary,general,mixed,pillar page,P2,70
百家姓,dong chinese surname,10,LOW,0,0,us-en,surname-general-2,primary,general,mixed,pillar page,P2,70
百家姓,xiao chinese surname,10,LOW,0,0,us-en,surname-general-2,primary,general,mixed,pillar page,P2,70
百家姓,cheng chinese surname,10,LOW,0,0,us-en,surname-general-3,primary,general,mixed,pillar page,P2,70
百家姓,cao chinese surname,10,LOW,0,0,us-en,surname-general-3,primary,general,mixed,pillar page,P2,70
百家姓,yuan chinese surname,10,LOW,0,0,us-en,surname-general-3,primary,general,mixed,pillar page,P2,70
百家姓,peng chinese surname,10,LOW,0,0,us-en,surname-general-3,primary,general,mixed,pillar page,P2,70
百家姓,jiang chinese surname,10,LOW,0,0,us-en,surname-general-3,primary,general,mixed,pillar page,P2,70
百家姓,cai chinese surname,10,LOW,0,0,us-en,surname-general-3,primary,general,mixed,pillar page,P2,70
百家姓,pan chinese surname,10,LOW,0,0,us-en,surname-general-3,primary,general,mixed,pillar page,P2,70
百家姓,du chinese surname,10,LOW,0,0,us-en,surname-general-3,primary,general,mixed,pillar page,P2,70
百家姓,fan chinese surname,10,LOW,0,0,us-en,surname-general-3,primary,general,mixed,pillar page,P2,70
百家姓,ye chinese surname,10,LOW,0,0,us-en,surname-general-3,primary,general,mixed,pillar page,P2,70
百家姓,su chinese surname,10,LOW,0,0,us-en,surname-general-4,primary,general,mixed,pillar page,P2,70
百家姓,yan chinese surname,10,LOW,0,0,us-en,surname-general-4,primary,general,mixed,pillar page,P2,70
百家姓,fu chinese surname,10,LOW,0,0,us-en,surname-general-4,primary,general,mixed,pillar page,P2,70
百家姓,shi chinese surname,10,LOW,0,0,us-en,surname-general-4,primary,general,mixed,pillar page,P2,70
百家姓,liao chinese surname,10,LOW,0,0,us-en,surname-general-4,primary,general,mixed,pillar page,P2,70
百家姓,jin chinese surname,10,LOW,0,0,us-en,surname-general-4,primary,general,mixed,pillar page,P2,70
百家姓,hou chinese surname,10,LOW,0,0,us-en,surname-general-4,primary,general,mixed,pillar page,P2,70
百家姓,wan chinese surname,10,LOW,0,0,us-en,surname-general-4,primary,general,mixed,pillar page,P2,70
百家姓,tian chinese surname,10,LOW,0,0,us-en,surname-general-4,primary,general,mixed,pillar page,P2,70
百家姓,gong chinese surname,10,LOW,0,0,us-en,surname-general-4,primary,general,mixed,pillar page,P2,70
